video_id,title,hashtags,tags,published_at,duration
5E44XQKfviM,活動休止中に作詞したオリジナル曲 #shorts #白雪巴 #vtuber #歌ってみた,"#shorts, #白雪巴, #vtuber, #歌ってみた","歌, オリジナル曲",2025-05-06T03:01:49Z,PT27S
Goco9N0eRAs,【#白雪巴ファンミーティング】お疲れ様でした✨振り返り配信！！！みんなBIG LOVE―――💓【白雪 巴/にじさんじ】,#白雪巴ファンミーティング,"イベント, ファンミーティング, 振り返り雑談",2025-05-05T17:04:28Z,PT3H51M16S
pNUYRiKaiuM,【#白雪巴ファンミーティング】ファンミ直前配信✨みんなの洋服や持っていくもの見せて💓【白雪 巴/にじさんじ】,#白雪巴ファンミーティング,"イベント, ファンミーティング",2025-05-01T16:02:50Z,PT2H50M1S
LVApO9ysLMM,【#マリカにじさんじ杯】予選Bリーグ🔥モテたいがために免許を取った女代表【白雪 巴/にじさんじ】,#マリカにじさんじ杯,"イベント, 大会, マリオカート8DX",2025-04-27T07:51:26Z,PT57M33S
26BwSCpJen4,ローション塗れの床でスクワット何回できるか試してみた #shorts #白雪巴　#vtuber #3d,"#shorts, #白雪巴, #vtuber, #3d","企画, ガチレポ！",2025-04-08T09:00:02Z,PT21S
ET4Zgcj4QnM,【晩酌】やっぱつれーわ…過去の恋愛トーク暴露回！？お姉さんの一杯飲み終わるまでホロ酔いトーク #いっ杯晩酌 07【白雪 巴/にじさんじ】,#いっ杯晩酌,"雑談, 晩酌",2025-03-23T15:25:53Z,PT2H15M9S
wNcyHAjZxCw,【エモクロアTRPG】アンデッド・デット・デビルズ #女王と会長TRPG【DL：ぱぱびっぷ PL：来栖夏芽 白雪巴】,#女王と会長TRPG【DL：ぱぱびっぷ,"朗読・声劇, コラボ, ぱぱびっぷ, 来栖夏芽, TRPG, エモクロアTRPG",2025-03-22T15:04:31Z,PT4H44M4S
Ccc-pL3e83U,【#ガチ百合】本当にあったリアル百合エピソード＃７【白雪 巴/にじさんじ】,#ガチ百合,"百合, リアル百合エピソード",2025-03-03T15:14:15Z,PT2H6M18S
FjKDwt-5s8c,#白雪巴誕生日2025【スプラトゥーン3】視聴者参加型でプラべ！スプラとフェスでぶち上がるッッ↑↑↑【白雪 巴/にじさんじ】,#白雪巴誕生日2025【スプラトゥーン3,"イベント, 誕生祭, スプラトゥーン3, 対戦・アクションゲーム",2025-02-09T10:03:32Z,PT3H49M47S
DYHwyWSrZrw,#白雪巴誕生日2025 ※告知あり！【Among Us】自分、誕生日に視聴者参加型で宇宙人狼してもいいですか？【白雪 巴/にじさんじ】,#白雪巴誕生日2025,"イベント, 誕生祭, Among Us",2025-02-08T18:25:17Z,PT5H9M30S
fjuwIYa1iDA,#白雪巴誕生日2025【雀魂】視聴者参加型でじゃんたま！わっしょい！！【白雪 巴/にじさんじ】,#白雪巴誕生日2025【雀魂,"イベント, 誕生祭, 雀魂",2025-02-08T10:54:28Z,PT4H39M31S
iRrhid52s7I,【#にじさんじ麻雀杯2025】過去イチ声がヤバい白雪は「ロン！」「ツモ！」を言えるのか？【白雪 巴/にじさんじ】,#にじさんじ麻雀杯2025,"イベント, 大会, にじさんじ麻雀杯2025, 雀魂",2025-01-11T06:17:35Z,PT41M46S
JqeSSJenqco,【同時視聴】#にじさんじカウントダウンライブ を飲酒しながら綺沙良さんと観る！！！🍺✨【白雪 巴/にじさんじ】,#にじさんじカウントダウンライブ,"雑談, フリートーク, 天宮こころ, コラボ, コラボ雑談, にじさんじカウントダウンライブ",2024-12-31T17:06:57Z,PT3H43M35S
r0pow1Efqq0,#一旦ステイTONIGHT ぶっつけ本番でグウェルちゃんと踊りました #shorts #夜王国 #vtuber #3d,"#一旦ステイTONIGHT, #shorts, #夜王国, #vtuber, #3d","歌, 歌枠, グウェル・オス・ガール, 夜王国, コラボ, 3D",2024-12-31T15:01:20Z,PT39S
1vWt6UaRebc,新衣装お披露目💕天使？女神？それとも…… #shorts #vtuber #にじさんじ #白雪巴 #新衣装 【白雪 巴/にじさんじ】,"#shorts, #vtuber, #にじさんじ, #白雪巴, #新衣装","お披露目, 新衣装",2024-12-26T09:00:02Z,PT1M11S
OJIUciNXDtg,【#白雪巴新衣装】聖なる夜に舞い降りた女神です✨重大発表も…！？【白雪 巴/にじさんじ】,#白雪巴新衣装,"お披露目, 新衣装",2024-12-25T14:54:55Z,PT2H40M31S
Vl_WqUgyLAQ,リスナーとの関係性を奇抜な例えで説明する白雪巴 #shorts #vtuber #切り抜き #にじさんじ #白雪巴,"#shorts, #vtuber, #切り抜き, #にじさんじ, #白雪巴","雑談, フリートーク",2024-12-11T11:00:38Z,PT1M
S6JFHgMqgvo,【#白雪巴5周年】ただいま。良い子にお留守番してた？【白雪 巴/にじさんじ】,#白雪巴5周年,"イベント, 周年記念",2024-11-30T17:31:38Z,PT5H13M40S
V-nwjpvE0n8,誰でも一度は思ったことある…よね？？？？ #shorts #vtuber #切り抜き #にじさんじ #白雪巴,"#shorts, #vtuber, #切り抜き, #にじさんじ, #白雪巴","雑談, フリートーク",2024-08-19T01:00:12Z,PT39S
_8TTwyRX0zg,【晩酌】一番しんどかったバイトって？ドッキリっておもろいよね…お姉さんの一杯飲み終わるまでホロ酔いトーク #いっ杯晩酌 06【白雪 巴/にじさんじ】,#いっ杯晩酌,"雑談, 晩酌",2024-08-12T17:56:14Z,PT3H41M58S
xTX8WyzyLZ8,SNSで見たプルプルえっっっな唇になりたくて即買いした白雪巴 #shorts #vtuber #切り抜き #にじさんじ #白雪巴,"#shorts, #vtuber, #切り抜き, #にじさんじ, #白雪巴","企画, ガチレポ！",2024-08-04T03:00:45Z,PT36S
J3Wi7fzimSU,【#百合漫画家様対談コラボ】✨第3回ゲストはゆあま先生✨「君と綴るうたかた」「イケメンすぎです紫葵先パイ！」など【白雪 巴/にじさんじ】,#百合漫画家様対談コラボ,"百合, 百合漫画家様対談コラボ, コラボ, ゆあま",2024-07-29T14:29:43Z,PT2H20M58S
GZcXx4NcBiU,百合漫画家のリア友にNG出された白雪巴 #shorts #vtuber #切り抜き #にじさんじ #白雪巴,"#shorts, #vtuber, #切り抜き, #にじさんじ, #白雪巴","雑談, フリートーク",2024-07-28T03:00:09Z,PT43S
_aXexvxwkBs,露天風呂の素材に脳内まっピンクになる白雪巴 #shorts #vtuber #minecraft #切り抜き #にじさんじ #白雪巴,"#shorts, #vtuber, #minecraft, #切り抜き, #にじさんじ, #白雪巴","ゲーム実況, Minecraft",2024-07-11T09:00:26Z,PT35S
wZ1afNuBrC0,※罵倒注意※椅子になりたい人へ #shorts #vtuber #切り抜き #にじさんじ #白雪巴,"#shorts, #vtuber, #切り抜き, #にじさんじ, #白雪巴","ASMR, 駄犬",2024-07-08T09:00:47Z,PT1M
UdQzFjx21ts,トロッコ問題でメンタルやられまくる白雪巴 #shorts #vtuber #切り抜き #にじさんじ #白雪巴,"#shorts, #vtuber, #切り抜き, #にじさんじ, #白雪巴","雑談, フリートーク",2024-06-30T03:00:17Z,PT1M
RqSyrs4vjMU,【#百合漫画家様対談コラボ】✨第2回ゲストは樫風先生✨「ロンリーガールに逆らえない」など【白雪 巴/にじさんじ】,#百合漫画家様対談コラボ,"百合, 百合漫画家様対談コラボ, コラボ, 樫風",2024-06-25T13:48:38Z,PT1H41M49S
fk37VaTmQng,【晩酌】紳士はつらいよ…お姉さんの一杯飲み終わるまでホロ酔いトーク #いっ杯晩酌 05【白雪 巴/にじさんじ】,#いっ杯晩酌,"雑談, 晩酌",2024-06-19T15:46:55Z,PT2H22M4S
fgYE1KMlZUU,コナンをどうしてもボイルしたくなる白雪巴 #shorts #vtuber #切り抜き #にじさんじ #白雪巴,"#shorts, #vtuber, #切り抜き, #にじさんじ, #白雪巴","雑談, フリートーク",2024-06-16T03:00:22Z,PT36S
KgNQQNNwOGE,崩壊：スターレイルのガチャ配信で自爆する白雪巴 #shorts #vtuber #崩壊スターレイル #切り抜き #にじさんじ #白雪巴,"#shorts, #vtuber, #崩壊スターレイル, #切り抜き, #にじさんじ, #白雪巴","雑談, フリートーク",2024-06-13T09:00:25Z,PT58S
zjoT6mFfArg,小学生レベルの漢字に完全敗北する白雪巴 #shorts #vtuber #切り抜き #にじさんじ #白雪巴,"#shorts, #vtuber, #切り抜き, #にじさんじ, #白雪巴","雑談, フリートーク",2024-06-11T09:00:48Z,PT57S
1yilnHl_4FM,【Gartic Phone】絵ウマ勢の夏芽ちゃんと絵ヘタ勢の白雪とあなた達と参加型でやるぞいっ！【#女王と会長/にじさんじ】,#女王と会長,"ゲーム実況, パズル, Gartic Phone, #女王と会長, 来栖夏芽, コラボ",2024-06-04T13:23:39Z,PT2H14M27S
Hefv7SSmlV4,【#にじさんじスマブラ杯】お姉さんキャラしか勝たん。【白雪 巴/にじさんじ】,#にじさんじスマブラ杯,"企画, 大会, 対戦・アクションゲーム, スマブラSP, コラボ",2024-06-02T10:58:12Z,PT2H28M58S
lRRMh5MdsJg,【#百合漫画家様対談コラボ】✨第1回ゲストはまにお先生✨「きたない君がいちばんかわいい」など【白雪 巴/にじさんじ】,#百合漫画家様対談コラボ,"百合, 百合漫画家様対談コラボ, まにお先生, コラボ",2024-05-27T14:33:34Z,PT2H22M59S
-p28Sn8_W24,オーディション結果が来なくて落ちたと思った白雪巴 #shorts #vtuber #切り抜き #にじさんじ #白雪巴,"#shorts, #vtuber, #切り抜き, #にじさんじ, #白雪巴","雑談, フリートーク",2024-05-24T09:00:00Z,PT40S
R9M12e_ud3Y,【晩酌】今夜はヒトコワ集！？お姉さんの一杯飲み終わるまでホロ酔いトーク #いっ杯晩酌 04【白雪 巴/にじさんじ】,#いっ杯晩酌,"雑談, 晩酌",2024-05-20T16:39:42Z,PT3H27M4S
qt19RTcFzqg,邪心を見抜かれて巫女さんのバイトに落ちた白雪巴 #shorts #vtuber #切り抜き #にじさんじ #白雪巴,"#shorts, #vtuber, #切り抜き, #にじさんじ, #白雪巴","ASMR, ロールプレイ",2024-05-17T09:00:47Z,PT40S
nJKAWoFkYN8,白雪巴が”ガチ”であることが証明されてしまう #shorts #vtuber #切り抜き #にじさんじ #白雪巴,"#shorts, #vtuber, #切り抜き, #にじさんじ, #白雪巴","雑談, フリートーク",2024-05-12T03:00:25Z,PT58S
9HcXsgJftHc,【#マリカにじさんじ杯】予選Hリーグ。仮免許なら持ってます。【白雪 巴/にじさんじ】,#マリカにじさんじ杯,"企画, 大会, レーシングゲーム, マリオカート8DX, コラボ",2024-05-05T12:42:14Z,PT1H30M24S
F2R9tDKRMrw,上司や先輩に質問するときのタイミングは絶対コレ#shorts #vtuber #切り抜き #にじさんじ #白雪巴  #お悩み相談,"#shorts, #vtuber, #切り抜き, #にじさんじ, #白雪巴, #お悩み相談","雑談, お悩み相談",2024-05-04T03:00:12Z,PT1M
m5P6VsBrykc,生まれ変わったら何したいか正直すぎるよっぱらいお姉さん #shorts #vtuber #切り抜き #にじさんじ #白雪巴,"#shorts, #vtuber, #切り抜き, #にじさんじ, #白雪巴","雑談, 晩酌",2024-05-03T03:00:24Z,PT38S
7JENXY4087o,ハニトラには引っかかれbot白雪巴 #shorts #vtuber #切り抜き #にじさんじ #白雪巴,"#shorts, #vtuber, #切り抜き, #にじさんじ, #白雪巴","雑談, フリートーク",2024-05-02T03:00:09Z,PT58S
SpEOKABpiV0,ブルアカ冒頭で既に雲行きの怪しい白雪先生 #shorts #vtuber #切り抜き #にじさんじ #白雪巴 #ブルーアーカイブ,"#shorts, #vtuber, #切り抜き, #にじさんじ, #白雪巴, #ブルーアーカイブ","ゲーム実況, RPG, ブルーアーカイブ",2024-04-29T09:00:22Z,PT58S
uwfigqjQ9-g,学生の頃の修学旅行で盛大にやらかした白雪巴 #shorts #vtuber #切り抜き #にじさんじ #白雪巴,"#shorts, #vtuber, #切り抜き, #にじさんじ, #白雪巴","雑談, 体験談",2024-04-27T09:00:45Z,PT49S
q8ILp3iyA3k,駄犬リスナーに辛辣な白雪巴(ご主人様) #shorts #vtuber #切り抜き #にじさんじ #白雪巴,"#shorts, #vtuber, #切り抜き, #にじさんじ, #白雪巴","雑談, 駄犬",2024-04-26T09:00:47Z,PT57S
YRnMzeI0wXE,誕生日前日のマイクラで下ネタ満載！？になる白雪巴 #shorts #vtuber #切り抜き #にじさんじ #白雪巴 #マイクラ #minecraft,"#shorts, #vtuber, #切り抜き, #にじさんじ, #白雪巴, #マイクラ, #minecraft",雑談,2024-04-16T09:00:32Z,PT57S
HSHI6Q4mndg,#ラスト【影廊2】”何処へ”導かれていくのか――「Shadow Corridor 2 雨ノ四葩」を完全初見プレイ【白雪 巴/にじさんじ】,#ラスト【影廊2,"ゲーム実況, 影廊2, ホラー",2024-04-12T18:52:56Z,PT5H39M53S
r_L9n0bB8dM,がんばって清楚系Vtuberを演じようとする白雪巴 #shorts #vtuber #切り抜き #にじさんじ #白雪巴,"#shorts, #vtuber, #切り抜き, #にじさんじ, #白雪巴","雑談, フリートーク",2024-04-11T11:00:46Z,PT1M
ZcFJAvV68v0,崩壊：スターレイル初ガチャで豪運を見せる白雪巴 #shorts #vtuber #崩壊スターレイル  #切り抜き #にじさんじ #ゲーム #実況,"#shorts, #vtuber, #崩壊スターレイル, #切り抜き, #にじさんじ, #ゲーム, #実況",雑談,2024-04-09T09:00:32Z,PT1M
lxbQANcqZGE,にじさんじの最終オーディションまで秘密にしていた白雪巴 #shorts #vtuber #切り抜き #にじさんじ #白雪巴,"#shorts, #vtuber, #切り抜き, #にじさんじ, #白雪巴","雑談, 体験談",2024-04-06T09:00:36Z,PT43S
eNKSUI-pauM,ブルアカ初日ガチャを存分に楽しみまくる白雪巴 #shorts #vtuber #ブルーアーカイブ #切り抜き #にじさんじ #ゲーム #実況,"#shorts, #vtuber, #ブルーアーカイブ, #切り抜き, #にじさんじ, #ゲーム, #実況",雑談,2024-04-04T09:00:34Z,PT58S
yV1G0wgJRxk,格闘ゲーム化！？星5★キャラ白雪巴 #shorts #vtuber #varkshorts #にじさんじ #白雪巴  #3d #エイプリルフール,"#shorts, #vtuber, #varkshorts, #にじさんじ, #白雪巴, #3d, #エイプリルフール","企画, 3D",2024-04-01T04:59:20Z,PT15S
B4KLHIBGFkM,新衣装「スーツ」お披露目♥先生って呼んでくれてもいいわよ…？ #shorts #vtuber #にじさんじ #白雪巴 #新衣装 【白雪 巴/にじさんじ】,"#shorts, #vtuber, #にじさんじ, #白雪巴, #新衣装","お披露目, 新衣装",2024-03-31T03:00:05Z,PT1M
eQx5WhXIFuU,【#白雪巴新衣装】4月からVtuberに転職する白雪巴です（ｷﾘｯ【白雪 巴/にじさんじ】,#白雪巴新衣装,"お披露目, 新衣装",2024-03-30T14:42:05Z,PT2H32M34S
WZMHUhbpH9E,友人と宿泊したホテルが○○○○だった白雪巴 #shorts #vtuber #切り抜き #にじさんじ #白雪巴,"#shorts, #vtuber, #切り抜き, #にじさんじ, #白雪巴","雑談, 体験談",2024-03-26T09:00:25Z,PT48S
Tx8Rug2FCQY,【#ガチ百合】本当にあったリアル百合エピソード＃６【白雪 巴/にじさんじ】,#ガチ百合,百合,2024-03-21T14:47:22Z,PT1H40M31S
xoFSN8r4JC8,ぶっちゃけデビューの時にキャラ作りを考えていた白雪巴 #shorts #vtuber #切り抜き #にじさんじ #白雪巴,"#shorts, #vtuber, #切り抜き, #にじさんじ, #白雪巴","雑談, フリートーク",2024-03-18T09:00:45Z,PT1M
O0OvU-0f2TQ,【お悩み相談 #FREE編01】人間関係/メンタル/性別/推し活etc...周りにも言えない悩み事、白雪が聞きますっ！【白雪 巴/にじさんじ】,#FREE編01,"雑談, お悩み相談",2024-03-15T14:47:56Z,PT1H39M3S
FuUXRnBQXr0,ホワイトデーのお返しにペット化してしまう白雪巴 #shorts #vtuber #varkshorts #にじさんじ #白雪巴  #3d,"#shorts, #vtuber, #varkshorts, #にじさんじ, #白雪巴, #3d","雑談, フリートーク",2024-03-14T09:00:10Z,PT11S
UuVpa-ifPt8,８１ガン見の方法を解説するすけべお姉さん #shorts #vtuber #切り抜き #にじさんじ #白雪巴  #お悩み相談,"#shorts, #vtuber, #切り抜き, #にじさんじ, #白雪巴, #お悩み相談","雑談, お悩み相談",2024-03-12T09:00:18Z,PT1M
a5AJiFyWb5g,逃げちゃだーめ #shorts #vtuber #varkshorts #にじさんじ #白雪巴  #3d,"#shorts, #vtuber, #varkshorts, #にじさんじ, #白雪巴, #3d","お披露目, 3D",2024-03-11T09:00:01Z,PT8S
RMPYfoizaNY,【お悩み相談 #学生編01】友達付き合い/学校が合わない/楽しく過ごすにはetc...周りにも言えない悩み事、白雪が聞きますっ！【白雪 巴/にじさんじ】,#学生編01,"雑談, お悩み相談",2024-03-08T14:42:01Z,PT1H32M24S
3s2n8lTAuyw,純粋で可愛い後輩に勝手に翻弄される白雪巴 #shorts #vtuber #切り抜き #にじさんじ #マイクラ,"#shorts, #vtuber, #切り抜き, #にじさんじ, #マイクラ","ゲーム実況, Minecraft",2024-03-07T09:00:04Z,PT53S
aGklONoWXTI,目前のリアル百合JKに悶える白雪巴 #shorts #vtuber #切り抜き #にじさんじ #白雪巴,"#shorts, #vtuber, #切り抜き, #にじさんじ, #白雪巴",百合,2024-03-04T09:00:00Z,PT44S
Xh8cOfJNn8o,【#ガチ百合】本当にあったリアル百合エピソード＃５【白雪 巴/にじさんじ】,#ガチ百合,百合,2024-03-03T14:22:58Z,PT1H16M8S
HLZiy2vzCNY,【お悩み相談 #人生編01】生きる意味/苦手への対処/コミュ障etc...周りにも言えない悩み事、白雪が聞きますっ！【白雪 巴/にじさんじ】,#人生編01,"雑談, お悩み相談",2024-03-01T14:34:09Z,PT1H26M26S
fK4lFCBMptk,二重人格…！？天使と悪魔に翻弄される白雪巴 #shorts #vtuber #切り抜き #にじさんじ #白雪巴,"#shorts, #vtuber, #切り抜き, #にじさんじ, #白雪巴","雑談, フリートーク",2024-02-26T09:00:33Z,PT1M
fI-2TAQg7ns,#君の可愛いがバレませんように を嫉妬しながら踊ってみた #shorts #vtuber #3d #白雪巴 #にじさんじ,"#君の可愛いがバレませんように, #shorts, #vtuber, #3d, #白雪巴, #にじさんじ",企画,2024-02-25T09:00:23Z,PT23S
qUFZXdWHyUs,沖縄旅行で●キロ太った白雪巴 #shorts #vtuber #切り抜き #にじさんじ #白雪巴 #沖縄,"#shorts, #vtuber, #切り抜き, #にじさんじ, #白雪巴, #沖縄","雑談, 体験談",2024-02-24T09:00:41Z,PT54S
4sZhrv1CqtI,ニャ！！！！！！！！ #shorts #vtuber #varkshorts #にじさんじ #白雪巴  #3d,"#shorts, #vtuber, #varkshorts, #にじさんじ, #白雪巴, #3d","お披露目, 3D",2024-02-23T09:00:04Z,PT7S
j_LhTtRjpH8,飛行機に大興奮ｗｗｗｗするお姉さん #shorts #vtuber #切り抜き #にじさんじ #白雪巴 #実話,"#shorts, #vtuber, #切り抜き, #にじさんじ, #白雪巴, #実話","雑談, 体験談",2024-02-22T09:00:26Z,PT59S
R7FqVPCikec,ご飯にする？お風呂にする？それとも‥の謎について言及する白雪巴 #shorts #vtuber #切り抜き #にじさんじ #白雪巴,"#shorts, #vtuber, #切り抜き, #にじさんじ, #白雪巴","雑談, フリートーク",2024-02-21T09:00:26Z,PT35S
LbbHE-5eJa8,#リア充★撲滅運動 お姉さんが踊ってみた♡ #shorts #vtuber #3d #白雪巴 #にじさんじ,"#リア充★撲滅運動, #shorts, #vtuber, #3d, #白雪巴, #にじさんじ",企画,2024-02-20T09:00:13Z,PT25S
apj4e2czcrM,免許の理由が不純でしかない白雪巴 #shorts #vtuber #切り抜き #にじさんじ #白雪巴,"#shorts, #vtuber, #切り抜き, #にじさんじ, #白雪巴","雑談, フリートーク",2024-02-17T09:00:05Z,PT38S
ZMpfcpZ27wQ,一人暮らしすると実家であるあるｗｗｗｗｗ #shorts #vtuber #切り抜き #にじさんじ #白雪巴,"#shorts, #vtuber, #切り抜き, #にじさんじ, #白雪巴","雑談, 体験談",2024-02-12T09:00:32Z,PT36S
wVXav-r-TFc,【#白雪巴誕生日2024】バースデー後夜祭♥タグ巡回のつづきとスパチャお礼！【白雪 巴/にじさんじ】,#白雪巴誕生日2024,"イベント, 誕生祭",2024-02-09T17:06:45Z,PT4H29M5S
eikh24sJwsA,【#白雪巴誕生日2024】誕生日ありがとう♥あなたと私それぞれの想いを探ってみる！【白雪 巴/にじさんじ】,#白雪巴誕生日2024,"イベント, 誕生祭",2024-02-08T16:28:43Z,PT3H3M15S
BjjGyZQIvnU,【SUPER BOMBERMAN Ｒ２】ニンジャtomoe参上ナリ！逃げて隠れて漁夫の利すべし！！#にじさんじ6周年【白雪 巴/にじさんじ】,#にじさんじ6周年【白雪,"ゲーム実況, 対戦・アクションゲーム, SUPER BOMBERMAN R2",2024-02-03T13:17:13Z,PT1H59M1S
X04CmStQrvI,【縦型配信/#shorts 】初見さんも♡チャット読みながら楽しくおはなし【白雪 巴/にじさんじ】,#shorts,"雑談, フリートーク",2024-02-01T17:03:17Z,PT3H36M18S
ow8Qqx1l00Y,イイ声♥をお届けするために白雪巴が愛用している配信機材のご紹介 #shorts #vtuber #切り抜き #にじさんじ #白雪巴,"#shorts, #vtuber, #切り抜き, #にじさんじ, #白雪巴","雑談, フリートーク",2024-01-25T09:00:37Z,PT42S
wZ1ASFvIT_w,【#銀河英雄伝説 戦いの輪舞曲】白雪と一緒に宇宙を手に入れないか？【白雪 巴/にじさんじ】,#銀河英雄伝説,"ゲーム実況, シミュレーション, 銀河英雄伝説 戦いの輪舞曲",2024-01-17T13:38:47Z,PT1H34M30S
ojXS6TA4vIk,ファンレターの●●に敏感なお姉さんVtuber #shorts #vtuber #切り抜き #にじさんじ #白雪巴,"#shorts, #vtuber, #切り抜き, #にじさんじ, #白雪巴","雑談, フリートーク",2024-01-12T09:00:43Z,PT42S
hlUD86hN5qc,大きさか感度かについてガチで回答する女好きVtuber #shorts #vtuber #切り抜き #にじさんじ #白雪巴  #お悩み相談,"#shorts, #vtuber, #切り抜き, #にじさんじ, #白雪巴, #お悩み相談","雑談, お悩み相談",2024-01-10T13:00:38Z,PT1M
BZPA5ZGI79Q,にじフェス2023の白雪巴による場内アナウンス #shorts #vtuber #切り抜き #白雪巴  #にじフェス2023,"#shorts, #vtuber, #切り抜き, #白雪巴, #にじフェス2023","イベント, にじフェス2022",2024-01-10T12:49:22Z,PT1M1S
FON5SqnWcPs,推しが最優先になっているあなたへ #shorts #vtuber #切り抜き #にじさんじ #白雪巴 #お悩み相談,"#shorts, #vtuber, #切り抜き, #にじさんじ, #白雪巴, #お悩み相談","雑談, お悩み相談",2024-01-09T13:00:20Z,PT1M
gDI08jZOrK0,【#にじさんじ麻雀杯2024】予選U卓！かぜっぴき白雪の新年運試し麻雀【白雪 巴/にじさんじ】,#にじさんじ麻雀杯2024,"ゲーム実況, 単発ゲーム, 大会",2024-01-06T13:44:00Z,PT42M14S
RvZo32Heiqk,だんだん壊れていくお姉さんVtuber #shorts #vtuber #切り抜き #にじさんじ #白雪巴 #ゲーム #実況,"#shorts, #vtuber, #切り抜き, #にじさんじ, #白雪巴, #ゲーム, #実況","ゲーム実況, 単発ゲーム",2024-01-03T09:00:18Z,PT1M
i3mw5BLa5HQ,算数が壊滅的すぎてホラゲどころではなくなるリスナーたち #shorts #vtuber #切り抜き #にじさんじ #白雪巴  #誘拐事件 #実況,"#shorts, #vtuber, #切り抜き, #にじさんじ, #白雪巴, #誘拐事件, #実況","ゲーム実況, ホラー, 誘拐事件",2024-01-02T09:00:32Z,PT41S
7o739CAStnk,お掃除ロボットあるあるｗｗｗｗ #shorts #vtuber #切り抜き #にじさんじ #白雪巴  #実況 #minecraft,"#shorts, #vtuber, #切り抜き, #にじさんじ, #白雪巴, #実況, #minecraft","ゲーム実況, Minecraft",2023-12-30T09:00:05Z,PT33S
tVrtt2ImCCI,「口吻」を読めず人生が変わってしまった白雪巴 #shorts #vtuber #切り抜き #にじさんじ #白雪巴  #実況 #漢字でgo,"#shorts, #vtuber, #切り抜き, #にじさんじ, #白雪巴, #実況, #漢字でgo","雑談, フリートーク",2023-12-26T09:00:37Z,PT41S
bciXRq-vhLw,モテる人とモテない人のちがい#shorts #vtuber #切り抜き #にじさんじ #お悩み相談,"#shorts, #vtuber, #切り抜き, #にじさんじ, #お悩み相談","雑談, お悩み相談",2023-12-25T09:00:24Z,PT57S
yJAASKiWVyI,【お悩み相談 #仕事編01】指導が苦手/給与の違い/転職etc...周りにも言えない悩み事、白雪が聞きますっ！【白雪 巴/にじさんじ】,#仕事編01,"雑談, お悩み相談",2023-12-20T15:16:24Z,PT2H5M36S
-OByzidjIB0,迷える全人類へ贈りたい言葉集 #shorts #vtuber #切り抜き #にじさんじ #お悩み相談,"#shorts, #vtuber, #切り抜き, #にじさんじ, #お悩み相談","雑談, お悩み相談",2023-12-19T09:00:00Z,PT1M
a7zE5DCDHkM,誰でも一度は経験したことのある超常現象 #shorts #vtuber #切り抜き  #にじさんじ #白雪巴  #実況,"#shorts, #vtuber, #切り抜き, #にじさんじ, #白雪巴, #実況","雑談, フリートーク",2023-12-17T03:00:00Z,PT40S
mY1DSWP6qlk,ゲームをやめられないそこのあなたへ #shorts #vtuber #切り抜き #にじさんじ #お悩み相談,"#shorts, #vtuber, #切り抜き, #にじさんじ, #お悩み相談","雑談, お悩み相談",2023-12-16T03:00:22Z,PT56S
kjYNyBJqTeQ,【#にじさんじアイラブ歌リレー】異次元フェスありがとう‥ありがとう‥！！！！【白雪 巴/にじさんじ】,#にじさんじアイラブ歌リレー,"歌, 歌リレー",2023-12-15T14:20:12Z,PT40M48S
FeBwT_YuKx4,何やら言いたいことがあるらしい白雪巴 #shorts #vtuber #切り抜き  #にじさんじ #白雪巴  #実況,"#shorts, #vtuber, #切り抜き, #にじさんじ, #白雪巴, #実況","雑談, フリートーク",2023-12-13T09:00:09Z,PT32S
xv8YKEzTB8c,【お悩み相談 #恋愛編02】元カノと似てる/カラダの関係/デートの誘い方etc...周りにも言えない悩み事、白雪が聞きますっ！【白雪 巴/にじさんじ】,#恋愛編02,"雑談, お悩み相談",2023-12-12T14:37:20Z,PT1H31M11S
1C24qaTjaWU,【ボイス付】疲れているあなたに捧げるお姉さん #shorts #vtuber #varkshorts #にじさんじ #白雪巴  #3d,"#shorts, #vtuber, #varkshorts, #にじさんじ, #白雪巴, #3d","ASMR, 甘やかし",2023-12-08T09:00:01Z,PT12S
AS-4byTS0yo,いい子だから見せられるよね？ #shorts #vtuber #varkshorts #にじさんじ #白雪巴  #3d,"#shorts, #vtuber, #varkshorts, #にじさんじ, #白雪巴, #3d","雑談, フリートーク",2023-12-07T09:00:10Z,PT19S
z5lgaGbtYmk,【ボイス付】毎朝お姉さんがお出迎えしてくれる世界 #shorts #vtuber #varkshorts #にじさんじ #白雪巴 #3d,"#shorts, #vtuber, #varkshorts, #にじさんじ, #白雪巴, #3d","ASMR, 甘やかし",2023-12-06T09:00:49Z,PT14S
pUnRwHBmtGE,【お悩み相談 #恋愛編01】既読無視/告白する勇気/距離の縮め方etc...周りにも言えない悩み事、白雪が聞きますっ！【白雪 巴/にじさんじ】,#恋愛編01,"雑談, お悩み相談",2023-12-05T14:45:09Z,PT1H34M22S
7DJnJTlII8M,【#白雪巴4周年】いち…に…さん…よんっ！？？ケーキとワインで召す♡【白雪 巴/にじさんじ】,#白雪巴4周年,"イベント, 周年記念",2023-11-30T17:50:24Z,PT4H38M6S
i5CrstdWz9c,【#白雪巴新衣装】4周年ありがとう♡新衣装でお返しっ【白雪 巴/にじさんじ】,#白雪巴新衣装,"お披露目, 新衣装",2023-11-29T14:43:27Z,PT2H35M31S
KhzHmFrnpQU,あら…ごめんなさいね？ #shorts #vtuber #varkshorts #にじさんじ #白雪巴  #3d,"#shorts, #vtuber, #varkshorts, #にじさんじ, #白雪巴, #3d","雑談, フリートーク",2023-11-26T03:00:14Z,PT10S
A25S-r72CxQ,理不尽なことにイライラしたときの対処法はこれです #shorts #vtuber #切り抜き #にじさんじ #お悩み相談,"#shorts, #vtuber, #切り抜き, #にじさんじ, #お悩み相談","雑談, お悩み相談",2023-11-18T03:00:04Z,PT1M
BH-HSYVJXoQ,授業中眠くなった時はこれ！！！学生の悩みに答えるお姉さんVtuber #shorts #vtuber #切り抜き #にじさんじ #お悩み相談,"#shorts, #vtuber, #切り抜き, #にじさんじ, #お悩み相談","雑談, お悩み相談",2023-11-13T09:00:15Z,PT1M
_Nc7IHXRYLA,ホラゲーでみっともなくお姉さんに助けを求めるお姉さんVtuber #shorts #vtuber #夜間警備  #切り抜き  #にじさんじ #白雪巴 #ゲーム #実況,"#shorts, #vtuber, #夜間警備, #切り抜き, #にじさんじ, #白雪巴, #ゲーム, #実況","ゲーム実況, 夜間警備, ホラー",2023-11-12T03:00:30Z,PT41S
5vpHX1snvSM,ビビらせてくるストーカーを逆にビビらせたったｗｗｗｗｗｗｗ #shorts #vtuber #パラソーシャル #切り抜き  #にじさんじ #白雪巴 #ゲーム #実況,"#shorts, #vtuber, #パラソーシャル, #切り抜き, #にじさんじ, #白雪巴, #ゲーム, #実況","雑談, フリートーク",2023-11-07T13:00:04Z,PT52S
R9hM-dxdYV8,【#ガチ百合】本当にあったリアル百合エピソード＃４【白雪 巴/にじさんじ】,#ガチ百合,"百合, リアル百合エピソード",2023-11-02T14:35:40Z,PT1H29M5S
VknyxDG31TI,【晩酌】カオス回！？メンがヘラる時とは？お姉さんの一杯飲み終わるまでホロ酔いトーク #いっ杯晩酌 03【白雪 巴/にじさんじ】,#いっ杯晩酌,"雑談, 晩酌",2023-11-01T16:25:29Z,PT2H49M58S
DzmGrbQ2Pm0,3Dコラボ【#手錠拘束プレイ耐久】9時間拘束されたお姉さん2人に何も起こらないはずがない【フミ/白雪 巴/にじさんじ】,#手錠拘束プレイ耐久,"企画, コラボ, フミ, 耐久, 3D",2023-10-24T13:13:42Z,PT9H23M5S
JB3KDYTBMyM,ねぇ、食べてもいい？【白雪 巴/にじさんじ】#shorts #vtuber #varkshorts,"#shorts, #vtuber, #varkshorts","雑談, フリートーク",2023-10-23T09:00:20Z,PT18S
UugFl7lBmQ0,コラボのお礼をする白雪巴に驚き照れる椎名唯華さん(モノマネ付き) #shorts #vtuber #切り抜き,"#shorts, #vtuber, #切り抜き","雑談, 椎名唯華, コラボ, フリートーク",2023-10-21T03:00:15Z,PT34S
ijA-tMJCtWE,お姉さんにがんばれ♥がんばれ♥されたい人向け【白雪 巴/にじさんじ】 #vtuber #shorts #3d,"#vtuber, #shorts, #3d","ASMR, 甘やかし",2023-10-20T09:00:37Z,PT7S
aKRhpybhAS4,#キスしちゃだめっ！ お姉さんが踊ってみた【白雪 巴/にじさんじ】#shorts #vtuber #3d,"#キスしちゃだめっ！, #shorts, #vtuber, #3d","企画, 3D",2023-10-19T09:00:00Z,PT18S
i94nKR0OhaY,防災グッズをコツコツと集めている一人暮らし独身お姉さんの心境 #shorts #vtuber #切り抜き,"#shorts, #vtuber, #切り抜き","雑談, 体験談",2023-10-18T09:00:28Z,PT37S
cvAoAEaB0Cs,#美少女無罪パイレーツ お姉さんが踊ってみた♡【白雪 巴/にじさんじ】#shorts #vtuber #3d,"#美少女無罪パイレーツ, #shorts, #vtuber, #3d","企画, 3D",2023-10-17T09:00:18Z,PT30S
0A83iSf96PU,【#カラオケへいこう】懐かしのボカロ曲をみんなでカラオケ♪♪♪【にじさんじ】,#カラオケへいこう,"歌, カラオケへいこう",2023-10-15T13:18:19Z,PT3H56M
bqRRid0Xwc0,大人向け雑誌【白雪 巴/にじさんじ】#shorts #vtuber #varkshorts,"#shorts, #vtuber, #varkshorts","雑談, フリートーク",2023-10-07T03:00:30Z,PT15S
Hl8rYR4oo7E,金曜日のおはよう♡いってらっしゃい♡をするお姉さん #shorts #vtuber #切り抜き,"#shorts, #vtuber, #切り抜き","雑談, フリートーク",2023-09-28T22:00:09Z,PT37S
6h-RkhSX7CU,お子様プレートを実は頼みたいお姉さん #shorts #切り抜き #vtuber,"#shorts, #切り抜き, #vtuber","雑談, 体験談",2023-09-24T03:00:02Z,PT36S
UiIp-docNEg,【#カラオケへいこう】最近のボカロ曲をみんなでカラオケ♪♪♪【にじさんじ】,#カラオケへいこう,"歌, カラオケへいこう",2023-09-23T09:20:31Z,PT3H9M16S
FLYpsydmDxM,ピックアップガチャSSR【白雪 巴/にじさんじ】#shorts #vtuber #varkshorts,"#shorts, #vtuber, #varkshorts","雑談, フリートーク",2023-09-21T09:00:10Z,PT12S
Tp7e7ZC42rc,誕生日にケーキ屋に凸した結果、予想外の展開に焦る白雪巴 #shorts #vtuber #切り抜き,"#shorts, #vtuber, #切り抜き","イベント, 誕生祭",2023-09-17T03:00:10Z,PT39S
s18DSkQD_iY,居酒屋でリスナーと待ち合わせをする白雪巴 #shorts #vtuber #切り抜き,"#shorts, #vtuber, #切り抜き","雑談, ファンミーティング",2023-09-16T03:00:22Z,PT34S
N3HfHDSyutA,白雪巴の逆凸を●●●●で放送禁止にする大先輩(戦犯)花畑チャイカ #shorts #vtuber #切り抜き,"#shorts, #vtuber, #切り抜き","雑談, フリートーク, 花畑チャイカ, コラボ",2023-09-10T09:00:20Z,PT42S
N8jx9vykJQU,マイクラで豚にトロッコを奪われる白雪巴 #shorts #vtuber #minecraft,"#shorts, #vtuber, #minecraft","ゲーム実況, Minecraft",2023-09-06T09:00:15Z,PT29S
bUbPZUQMlSo,【#白雪巴新衣装】女王の本気、魅せてあげる♡【白雪 巴/にじさんじ】,#白雪巴新衣装,"お披露目, 新衣装",2023-08-26T13:05:26Z,PT53M38S
2xr96_K69F0,にゃんこダンスにゃん！【白雪 巴/にじさんじ】#shorts #vtuber #varkshorts,"#shorts, #vtuber, #varkshorts","雑談, フリートーク",2023-08-10T09:00:02Z,PT10S
oYfcWjq_3wc,足袋で百合に踏み込む白雪巴 #shorts #vtuber #百合,"#shorts, #vtuber, #百合",百合,2023-08-06T03:00:24Z,PT38S
_onN2qjzwsY,欲望に忠実すぎるお姉さん #shorts #vtuber #切り抜き,"#shorts, #vtuber, #切り抜き","雑談, フリートーク",2023-08-04T09:00:25Z,PT43S
ttXty0f_Tow,肉食系女子♡【白雪 巴/にじさんじ】#shorts #vtuber #varkshorts,"#shorts, #vtuber, #varkshorts","雑談, フリートーク",2023-08-03T09:00:45Z,PT20S
PiBkTFqGqfU,ONLY UP耐久中にカップ麺とビールでキマるお姉さん #shorts #vtuber #実況,"#shorts, #vtuber, #実況","企画, 耐久, Only Up!",2023-07-28T09:00:14Z,PT51S
Sf2ZhOXBJk8,【罵倒】「痩せろ豚」を所望されそれ以上で返す白雪巴 #shorts #vtuber #ダイエット,"#shorts, #vtuber, #ダイエット","雑談, 駄犬",2023-07-26T09:00:41Z,PT31S
YJOLnSkYZwo,よしよし、からの‥‥【白雪 巴/にじさんじ】#shorts #vtuber #varkshorts,"#shorts, #vtuber, #varkshorts","雑談, フリートーク",2023-07-17T09:01:33Z,PT14S
BWWP35A5y88,夏といえばやっぱりコレよね♡【白雪 巴/にじさんじ】#shorts #vtuber #varkshorts,"#shorts, #vtuber, #varkshorts","雑談, フリートーク",2023-07-16T09:00:54Z,PT13S
WSVkYMeYzRk,鬼狩りもいけます【白雪 巴/にじさんじ】#shorts #vtuber #varkshorts,"#shorts, #vtuber, #varkshorts","雑談, フリートーク",2023-07-15T09:00:02Z,PT13S
X-CC93BQvaQ,リスナー投稿の過激な百合エピソードに限界化する白雪巴 #shorts #vtuber #百合,"#shorts, #vtuber, #百合","百合, リアル百合エピソード",2023-07-11T13:10:44Z,PT46S
PPAcGwB5hjE,10000000連ガチャSSR【白雪 巴/にじさんじ】#shorts #vtuber #varkshorts,"#shorts, #vtuber, #varkshorts","ゲーム実況, 単発ゲーム",2023-07-10T14:00:11Z,PT15S
Lq_NwkawDaY,よく見るCM違和感なさすぎて草【白雪 巴/にじさんじ】#shorts #vtuber #varkshorts,"#shorts, #vtuber, #varkshorts","雑談, フリートーク",2023-07-09T13:08:38Z,PT33S
jtl88hWrRE0,最後まで目そらしちゃダメ【白雪 巴/にじさんじ】#shorts #vtuber #varkshorts,"#shorts, #vtuber, #varkshorts","雑談, フリートーク",2023-07-07T13:00:10Z,PT15S
mHIg7OwR5mk,【晩酌】共依存ってアリ？ナシ？お姉さんの一杯飲み終わるまでホロ酔いトーク #いっ杯晩酌 02【白雪 巴/にじさんじ】,#いっ杯晩酌,"雑談, 晩酌",2023-07-03T17:18:31Z,PT3H50M16S
F0RWoCiWb5o,【#カラオケへいこう】今時流行りのアニメ曲をみんなでカラオケ♪♪♪【にじさんじ】,#カラオケへいこう,"歌, カラオケへいこう, コラボ",2023-07-02T09:36:54Z,PT3H25M47S
ZWryRZWyvh0,かわいい‥？エフェクトダンス踊ってみた【白雪 巴/にじさんじ】#shorts #vtuber #varkshorts,"#shorts, #vtuber, #varkshorts","雑談, フリートーク",2023-06-27T09:00:09Z,PT11S
gMg1j5fj59I,【#ガチ百合】本当にあったリアル百合エピソード＃３【白雪 巴/にじさんじ】,#ガチ百合,"百合, リアル百合エピソード",2023-06-25T15:09:48Z,PT1H58M51S
Kh8QzVCamhY,【百合】二人だけの秘密の場所で待ち合わせ【来栖夏芽/白雪 巴/にじさんじ】#shorts #百合 #vtuber,"#shorts, #百合, #vtuber","百合, 来栖夏芽, コラボ",2023-06-25T09:00:03Z,PT34S
-yl88cJOJGg,【百合】美女怪盗が女王の城に来たので捕まえてみた【ルイス・キャミー/白雪 巴/にじさんじ】#shorts #百合 #vtuber,"#shorts, #百合, #vtuber","百合, ルイス・キャミー, 百合ゲー, コラボ",2023-06-24T09:01:00Z,PT24S
mJPpOncwYb4,【百合】ふわふわの耳と尻尾に抗えるはずもなく‥【フミ/白雪 巴/にじさんじ】#shorts #百合 #vtuber,"#shorts, #百合, #vtuber","百合, フミ, コラボ, リアル百合エピソード",2023-06-23T09:00:59Z,PT27S
M_caFKijvRo,【#カラオケへいこう】なつかしいアニメ曲をみんなでカラオケ♪♪♪【にじさんじ】,#カラオケへいこう,"歌, カラオケへいこう, コラボ",2023-06-18T09:11:28Z,PT2H58M17S
-7zU0xXSavg,【踊ってみた】さくゆいたいそう～お姉さんたちver～【ルイス・キャミー/フミ/来栖夏芽/白雪巴/にじさんじ】#shorts,#shorts,"企画, ルイス・キャミー, フミ, 来栖夏芽, コラボ",2023-06-15T09:00:08Z,PT35S
wJHtLk8HY5Q,【3Dコラボ】#ふるとな3D運動会 スポーツでガチ対決！？敗者は罰ゲーム‥【フミ/ルイス・キャミー/来栖夏芽/白雪巴】,#ふるとな3D運動会,"企画, 大会, フミ, ルイス・キャミー, 来栖夏芽, コラボ",2023-06-12T11:24:49Z,PT1H19M31S
HlqDfQpHyOE,【#にじ女あもあす DAY1】本当なんです‥嘘じゃないんです‥！！！！！【白雪 巴/にじさんじ】,#にじ女あもあす,"ゲーム実況, Among Us, コラボ, 対戦・アクションゲーム",2023-06-04T14:46:40Z,PT2H37M53S
aagziYEE9aY,【#エコカリ】ケモノ娘の神殺しRPG！？とにかくケモノ娘たちが可愛くてエッッッ【白雪 巴/にじさんじ】,#エコカリ,"ゲーム実況, RPG, エコカリ",2023-05-04T12:15:30Z,PT1H1M36S
5_JHcrUgn6g,【Minecraft】ベルさん！！！ネザーってどんなところですか！？！？【#スノーベル/にじさんじ】,#スノーベル,"ゲーム実況, Minecraft, コラボ, #スノーベル, ベルモンド・バンデラス",2023-05-01T15:46:13Z,PT2H34M37S
kOvsSm2Apoo,【ネタバレ注意】キャラを演じながら推理せよ！？リアル脱出ゲーム×朗読劇『時間旅行と7つの謎』【#ふるとな脱出/にじさんじ】,#ふるとな脱出,"朗読・声劇, コラボ",2023-04-29T11:26:19Z,PT5H1M55S
s7T0Raxr22A,【NIKKE】フレンさんと勝負！女王の実力見せてあげるわ #にじニケリターンズ【白雪 巴/にじさんじ】,#にじニケリターンズ【白雪,"ゲーム実況, FPS/TPS, NIKKE, コラボ, 古石フレン",2023-04-28T12:12:12Z,PT1H4M36S
apOmFX2XIDU,【晩酌】女子同士の朝チュンってアリ？お姉さんの一杯飲み終わるまでホロ酔いトーク #いっ杯晩酌 01【白雪 巴/にじさんじ】,#いっ杯晩酌,"雑談, 晩酌",2023-04-17T17:20:59Z,PT1H56M8S
Zt-lew9ZSaA,【白雪巴視点】私達ならきっと大丈夫‥！そうよね？│違う冬のぼくら/BOKURA【#女王と会長/にじさんじ】,#女王と会長,"ゲーム実況, コラボ, #女王と会長, BOKURA",2023-04-16T13:41:31Z,PT8H5M28S
xGHt1kin_Ws,【#にじさんじスマブラ杯】ゼルダしか勝たんッッッッ【白雪 巴/にじさんじ】,#にじさんじスマブラ杯,"ゲーム実況, 対戦・アクションゲーム, スマブラSP, 大会",2023-04-09T04:36:30Z,PT45M21S
1r_sv81QcKY,#NIJIPuyoTetris2023【ぷよテト2】実家では甥っ子に本気出して泣かせるお姉さんやってます＾＾【白雪 巴/にじさんじ】,#NIJIPuyoTetris2023【ぷよテト2,"ゲーム実況, パズル, ぷよテト2, 大会",2023-04-08T03:30:42Z,PT19M12S
dz2z8WkYrXg,【#ガチ百合】本当にあったリアル百合エピソード＃２【白雪 巴/にじさんじ】,#ガチ百合,"百合, リアル百合エピソード",2023-04-04T14:45:08Z,PT1H31M59S
2POiIGMaAEM,【オフコラボ】告知あり！フミともオフコラボで初ホラゲ‥♡【Infliction】【#フミとも/にじさんじ】,#フミとも,"ゲーム実況, ホラー, Infliction, コラボ, #フミとも, フミ",2023-03-18T14:53:24Z,PT2H28M14S
DhawDr_VJdk,「何か」いる事故物件をクールな大人２人で掃除しに来ました｜Paranormal Cleanup【#スノーベル/にじさんじ】,#スノーベル,"ゲーム実況, ホラー, Paranormal Cleanup, コラボ, スノーベル, 健屋花那",2023-03-06T12:06:17Z,PT52M49S
-jzTRBMq-Mk,【#おえもりにじさんじ杯】おえもり2回目で1回目の記憶をほとんど失っている【白雪 巴/にじさんじ】,#おえもりにじさんじ杯,"企画, 大会",2023-03-04T09:59:40Z,PT34M3S
zprJdYqIGe8,【#ガチ百合】本当にあったリアル百合エピソード＃１【白雪 巴/にじさんじ】,#ガチ百合,"百合, リアル百合エピソード",2023-03-03T14:27:33Z,PT1H17M48S
QJmOluP1ubs,【#白雪巴新衣装3D 振り返り】LIVEどうだった？同時視聴しながら裏話など感想会！！！【白雪 巴/にじさんじ】,#白雪巴新衣装3D,"雑談, 振り返り雑談, 3D",2023-02-26T16:49:03Z,PT4H26M49S
fPI5sIvPaUE,【3D LIVE】白雪巴3D新衣装お披露目！素敵な10名のゲスト様たちと歌って踊ります！！Are you ready？【#白雪巴新衣装3D/にじさんじ】,#白雪巴新衣装3D,"お披露目, 新衣装, 3D, 歌",2023-02-25T13:03:07Z,PT54M4S
7dj0D_5i77o,【#白雪誕生祭】最後にプチお披露目＆BIG告知あり！！マシュマロ100選！！！【白雪 巴/にじさんじ】,#白雪誕生祭,"イベント, 誕生祭, マシュマロ",2023-02-08T17:18:13Z,PT5H30M13S
CaC3Jct4ko4,【#にじさんじ麻雀杯】大掃除して部屋がピカピカだからきっと牌もピカピカ【白雪 巴/にじさんじ】,#にじさんじ麻雀杯,"イベント, 雀魂, 大会, #にじさんじ麻雀杯",2023-01-07T10:28:13Z,PT48M57S
JfnWjgk63MA,【3Dカラオケ】クリスマス特別企画！フルトイカラオケ選手権！！！【#フルトイ企画3Dカラオケ選手権/にじさんじ】,#フルトイ企画3Dカラオケ選手権,"歌, 歌枠, #フルトイ企画3Dカラオケ選手権, コラボ, 3D",2022-12-24T13:09:56Z,PT1H53M55S
5_luMGMLcFw,【#マリカにじさんじ杯】Cリーグ本戦！！！一番後輩です優しくしてください；；【マリオカート8DX】【白雪 巴/にじさんじ】,#マリカにじさんじ杯,"イベント, マリオカート8DX, 大会, #マリカにじさんじ杯",2022-12-18T09:34:54Z,PT1H18M49S
ohJ9Z4RPxPY,#ホラゲV女子会【DEVOUR】リベンジVS悪霊！！！儀式を終わらせる‥‥【白雪 巴/にじさんじ】,#ホラゲV女子会【DEVOUR,"ゲーム実況, DEVOUR, ホラー, コラボ",2022-12-16T13:06:11Z,PT2H48M54S
E9G8s-7ism4,【マリオカート8DX】視聴者参加型♥らぶスノ合同練習会♥【#らぶスノ/にじさんじ】,#らぶスノ,"ゲーム実況, マリオカート8DX, レーシングゲーム, #らぶスノ, コラボ",2022-12-15T14:59:41Z,PT3H42M3S
Mq2ZC9By7HQ,【#マリカにじさんじ杯】Fリーグ予選。マリカ予選も3年目ってワケ【マリオカート8DX】【白雪 巴/にじさんじ】,#マリカにじさんじ杯,"ゲーム実況, マリオカート8DX, 大会, #マリカにじさんじ杯",2022-12-11T12:59:52Z,PT1H51M11S
gY-woCX_SWE,【#白雪三周年/歌枠】3周年記念！！にじ3Dライブ衣装で生歌30曲チャレンジ！！！【白雪 巴/にじさんじ】,#白雪三周年,"歌, 歌枠, イベント, 周年記念",2022-11-29T15:30:00Z,PT3H16M13S
qBoDKmzMJOM,【#崩壊3rd】天穹夜行録を初見プレイ！女の子2人がメインのストーリーですって‥！？【白雪 巴/にじさんじ】,#崩壊3rd,"ゲーム実況, 崩壊3rd, RPG",2022-11-12T12:09:52Z,PT1H3M
navrPw5C0lo,#にじスプラ祭り 【スプラトゥーン3】雪月シスターズ第12話(完結)「ずっと味方‥ダヨッ」【白雪 巴/にじさんじ】,#にじスプラ祭り,"ゲーム実況, #にじスプラ祭り, スプラトゥーン3, FPS/TPS",2022-10-16T13:39:32Z,PT4H16M35S
UupLdNmMEFo,【#白雪新衣装】新衣装・ニューヘアーの秋【白雪 巴/にじさんじ】,#白雪新衣装,"お披露目, 新衣装, #白雪巴新衣装",2022-10-10T14:03:02Z,PT1H48M1S
Kp4NKYApGcI,【#にじフェス2022 振り返り】FANTASIAライブ＆にじフェスお疲れ様！！どうだった？【白雪 巴/にじさんじ】,#にじフェス2022,"イベント, フェス, #にじフェス2022, 振り返り雑談",2022-10-03T16:30:30Z,PT3H9M50S
mXRlJxsP4vg,【スプラトゥーン3】ひ　つ　ま　ぶ　し　day2【#らぶスノ/にじさんじ】,#らぶスノ,"ゲーム実況, #らぶスノ, コラボ, スプラトゥーン3, FPS/TPS",2022-09-25T13:41:05Z,PT2H22M58S
jNdro_NRQdM,＃最終回【We Were Here Forever】最強名(迷)探偵のお通りよ！！！！【#女王と会長/にじさんじ】,#女王と会長,"ゲーム実況, #女王と会長, コラボ, We Were Here Forever, パズル",2022-09-22T19:17:45Z,PT5H39M6S
gQ-im1oRbsM,【スプラトゥーン3】フルトイ３人でスプラをするとどうなるこうなる【#フルトイ/にじさんじ】,#フルトイ,"ゲーム実況, スプラトゥーン3, 対戦・アクションゲーム, #フルトイ, コラボ",2022-09-16T15:03:38Z,PT1H34M32S
Rq7oOO8G5mk,＃３【We Were Here Forever】最強名(迷)探偵のお通りよ！！！！【#女王と会長/にじさんじ】,#女王と会長,"ゲーム実況, パズル, We Were Here Forever, #女王と会長, コラボ",2022-09-15T16:57:42Z,PT5H11M48S
jkvQwaVD4BY,＃２【We Were Here Forever】最強名(迷)探偵のお通りよ！！！！【#女王と会長/にじさんじ】,#女王と会長,"ゲーム実況, パズル, We Were Here Forever, #女王と会長, コラボ",2022-09-08T14:57:41Z,PT3H36M29S
oIQPp-g2eK0,＃１【We Were Here Forever】最強名(迷)探偵のお通りよ！！！！【#女王と会長/にじさんじ】,#女王と会長,"ゲーム実況, We Were Here Forever, パズル, #女王と会長, コラボ",2022-09-01T14:13:42Z,PT2H57M12S
XIzTwSHJwnk,#ホラゲV女子会【DEVOUR】可愛い女の子たちに誘われたと思ったらまたホラーでした【白雪 巴/にじさんじ】,#ホラゲV女子会【DEVOUR,"ゲーム実況, ホラー, DEVOUR, コラボ",2022-08-30T14:41:19Z,PT2H9M43S
1UMA5rGgmzs,【#スーパー野田ゲーWORLD】超面白ゲーム！？お笑い芸人さんによるお笑い芸人さん達のゲーム【白雪 巴/にじさんじ】,#スーパー野田ゲーWORLD,"ゲーム実況, 単発ゲーム, スーパー野田ゲーWORLD",2022-08-14T03:32:11Z,PT2H20M13S
lMcfx2jP0i4,【#白雪新衣装】部屋着お披露目♡すっぴんも‥！？【白雪 巴/にじさんじ】,#白雪新衣装,"お披露目, 新衣装",2022-08-06T14:37:20Z,PT2H20M35S
ENEzr9lZ6lo,【百合ゲー】百合V厨バーが送る白衣性恋愛症候群RE:Therapy#最終回【白雪 巴/にじさんじ】,#最終回【白雪,"百合, 百合ゲー, 白衣性恋愛症候群RE:Therapy",2022-07-04T13:15:33Z,PT1H7M14S
zhtQKBedID4,#最終回【ピクミン3】ダレモシナセタクナイ完全初見ピクミン【白雪 巴/にじさんじ】,#最終回【ピクミン3,"ゲーム実況, パズル, ピクミン3",2022-06-25T14:43:01Z,PT3H29M13S
yWWM7Hb_FAU,【推しのラブより恋のラブ～ラブ・オア・ダイ～】推しラブアンコール！？フルトイで神百合ゲーおかわりだ！！！【#フルトイ/にじさんじ】,#フルトイ,"百合, コラボ, #フルトイ, 推しのラブより恋のラブ～ラブ・オア・ダイ～, 百合ゲー",2022-05-28T08:49:10Z,PT3H53M29S
sifFa3aIPko,【#にじさんじ麻雀杯】二日酔い酒ヤケ声でロン！ポン！‥なんだっけ【白雪 巴/にじさんじ】,#にじさんじ麻雀杯,"イベント, ゲーム実況, 大会, #にじさんじ麻雀杯, 単発ゲーム",2022-01-08T10:57:03Z,PT37M28S
8_Rj2g9n-Zo,【#NNOP2022】豪運に寵愛されし未亡人っぽい私～連載中～【白雪 巴/にじさんじ】,#NNOP2022,"イベント, #NNOP2022",2022-01-02T07:45:08Z,PT1H30M56S
IF_OTjVBr2s,【#マリカにじさんじ杯】Eリーグ予選。俺‥ハンドル握れるかな‥【白雪 巴/にじさんじ】,#マリカにじさんじ杯,"イベント, ゲーム実況, 大会, マリオカート8DX, #マリカにじさんじ杯, レーシングゲーム",2021-12-19T08:21:55Z,PT1H43M1S
Q5C7ZyvkXnc,【#マリカにじさんじ杯】Cチーム神速RTA団体戦わっしょい【白雪 巴/にじさんじ】,#マリカにじさんじ杯,"イベント, ゲーム実況, マリオカート8DX, レーシングゲーム, 大会, #マリカにじさんじ杯",2021-12-18T10:09:17Z,PT2H37M22S
5CJBok6iuaw,【#エデンとアソボウ/Among US】エデン組に招集されましたｇｋｂｒ【白雪 巴/にじさんじ】,#エデンとアソボウ,"ゲーム実況, #エデンとアソボウ, Among US, 対戦・アクションゲーム, コラボ",2021-12-11T14:42:51Z,PT2H16M44S
UoxNA1uZSIA,【2周年記念】ただいま。さてお祝いしましょうか #白雪巴2周年【白雪 巴/にじさんじ】,#白雪巴2周年【白雪,"イベント, 周年記念",2021-12-04T16:08:17Z,PT2H18M9S
41_bO38sElU,【#にじスプラ大会】白雪巴視点。大会当日～極肆姉妹～【白雪 巴/にじさんじ】,#にじスプラ大会,"ゲーム実況, 企画, FPS/TPS, 大会, スプラトゥーン2",2021-11-20T11:12:19Z,PT53M38S
2A94tnDP-WM,【切り抜き】10分でわかる仲良しお姉さんズ”フルトイ”とは【#フルトイ/にじさんじ】,#フルトイ,"雑談, 振り返り雑談, #フルトイ",2021-11-05T14:00:13Z,PT12M50S
E2raT7r9I50,【オフコラボ】ハロウィン♡お泊まり仮装パーティー【#フルトイ/にじさんじ】,#フルトイ,"企画, コラボ, #フルトイ",2021-10-29T15:18:22Z,PT2H48M21S
GNJg1rCeHRo,【ARK: Crystal isles】タスクは増え続けるもの【#にじARK/白雪 巴/にじさんじ】,#にじARK,"ゲーム実況, #にじARK, ARK: Crystal isles, サンドボックス",2021-10-25T17:02:04Z,PT2H21M45S
9krxtYj6FSQ,【#にじ診断】一番性格が近い先輩がわかる‥ってコト！？【白雪 巴/にじさんじ】,#にじ診断,"企画, 検証",2021-10-24T12:51:43Z,PT1H38M46S
29yscbXUFsI,【ARK: Crystal isles】白雪さんはワイバーンで空を飛びたい【#にじARK/白雪 巴/にじさんじ】,#にじARK,"ゲーム実況, サンドボックス, ARK: Crystal isles, #にじARK",2021-10-16T16:42:32Z,PT6H41M35S
NykQGBgLevc,【ARK: Crystal isles】恐竜ちゃんたちへはじめての家作り【#にじARK/白雪 巴/にじさんじ】,#にじARK,"ゲーム実況, サンドボックス, ARK: Crystal isles, #にじARK",2021-10-02T17:46:44Z,PT7H58M51S
lgTxjHrpeCs,【ARK: Crystal isles】初めてのおひとり様Ark！恐竜ちゃんたちに餌あげる【#にじARK/白雪 巴/にじさんじ】,#にじARK,"ゲーム実況, #にじARK, ARK: Crystal isles, サンドボックス",2021-09-30T12:15:01Z,PT12M40S
MNlXkHf4nBE,【#白雪巴新衣装】上から見るか下から見るか【白雪 巴/にじさんじ】,#白雪巴新衣装,"お披露目, 新衣装, #白雪巴新衣装",2021-09-25T12:58:55Z,PT49M12S
B7KJchPaicg,【#レバガチャスマブラ運動会】筋肉バトル‥じゃない‥！？【白雪 巴/にじさんじ】,#レバガチャスマブラ運動会,"企画, 大会, スマブラSP, #レバガチャスマブラ運動会",2021-09-24T14:53:33Z,PT3H31M23S
PZKnXvLFm7U,【#にじさんじポケユナ大会】タリキホンガンジムの氷ポケモン使い【白雪 巴/にじさんじ】,#にじさんじポケユナ大会,"イベント, #にじさんじポケユナ大会, 大会, ポケモンユナイト, ポケモン",2021-09-12T10:47:47Z,PT1H57M41S
rZsF_EDqR0E,【FNAF VR】3DコラボでVRホラーチャレンジって本気？？【#らぶスノ/愛園 愛美/白雪 巴/にじさんじ】,#らぶスノ,"ゲーム実況, FNAF VR, ホラー, 愛園 愛美, #らぶスノ, コラボ",2021-09-06T11:32:15Z,PT1H10M35S
DxqK7enk3Cg,【スーパーマリオパーティ】仲良しお姉さんズがマリパでガチ対決！？！？【#フルトイ/にじさんじ】,#フルトイ,"ゲーム実況, #フルトイ, スーパーマリオパーティ, ファミリーゲーム, コラボ",2021-09-05T08:50:31Z,PT1H35M13S
oGt_MsjWzkE,【APEX】夜王国出陣【#夜王国/白雪 巴/にじさんじ】,#夜王国,"ゲーム実況, #夜王国, Apex Legends, FPS/TPS, コラボ",2021-07-23T14:25:38Z,PT2H55M4S
DO_zCWwAzuw,【#白雪巴3D 番外編】スパチャお礼＆未公開シーン【白雪 巴/にじさんじ】,#白雪巴3D,"雑談, 振り返り雑談",2021-07-17T13:00:12Z,PT1H10M11S
Q8-_gqP5JtE,#3【We Were Here Together】あれデジャヴ！？協力謎解きで脱出セヨ【#女王と会長/にじさんじ】,#女王と会長,"ゲーム実況, #女王と会長, We Were Here Together, パズル, コラボ, 来栖夏芽",2021-07-09T17:19:10Z,PT5H45M56S
pfC_sFKxJL4,#1【We Were Here Together】あれデジャヴ！？協力謎解きで脱出セヨ【#女王と会長/にじさんじ】,#女王と会長,"ゲーム実況, #女王と会長, We Were Here Together, パズル, コラボ, 来栖夏芽",2021-07-06T16:01:03Z,PT3H8M34S
jNBX-hFVXQ8,【#白雪巴3D 振り返り】ありがとう～！お疲れさま会♡【白雪 巴/にじさんじ】,#白雪巴3D,"雑談, 振り返り雑談, 3D",2021-06-27T14:54:13Z,PT2H29M50S
_2sHBn6_ioM,【Knockout City】対ヨロ【#夜王国/白雪 巴/にじさんじ】,#夜王国,"ゲーム実況, #夜王国, Knockout City, 対戦・アクションゲーム, コラボ",2021-06-20T13:29:16Z,PT2H1M39S
4hWXw1ctPAs,【雑談】#白雪巴3D を巡回して勇気をもらいたい【白雪 巴/にじさんじ】,#白雪巴3D,"雑談, お披露目, 3D",2021-06-19T15:37:48Z,PT2H12M23S
VC9CXVGhKBY,【#にじ歌DAY】全5曲！温度差について来られるかしら【白雪 巴/にじさんじ】,#にじ歌DAY,"歌, 歌リレー",2021-06-05T11:04:06Z,PT30M7S
knLYMB1d9dg,【#レバガチャ爆ヶ原】漁夫の利！漁夫の利！漁夫の利！！！【白雪 巴/にじさんじ】,#レバガチャ爆ヶ原,企画,2021-06-02T11:25:46Z,PT1H14M33S
K6K3uvybl8k,【#Crossick】最近忙しい嫁に突然凸してみた【健屋花那/白雪巴/にじさんじ】,#Crossick,"企画, Crossick, 健屋花那, コラボ",2021-04-27T15:51:37Z,PT45M20S
euXMqM6_Gcs,【太鼓の達人】鬼ムズイらしいけど頑張れ俺のゴールドフィンガー【#Crossick/にじさんじ】,#Crossick,"ゲーム実況, リズムゲーム, 太鼓の達人, Crossick, 健屋花那, コラボ",2021-03-28T10:42:45Z,PT1H32M4S
X1Jcn7Gd8uI,【#ロリアモアス/Among US】うちゅーでだましあいころしあいごっこ！！！【白雪 巴/にじさんじ】,#ロリアモアス,"ゲーム実況, Among US, 単発ゲーム, コラボ, 対戦・アクションゲーム",2021-03-03T14:25:06Z,PT2H53S
YM82T73Sj4o,【#異色あもあす/Among US】可愛い子はちゃ～んと見張っておかなきゃ‥ね？【白雪 巴/にじさんじ】,#異色あもあす,"ゲーム実況, #異色あもあす, コラボ, Among US, 単発ゲーム, 対戦・アクションゲーム",2021-03-02T13:47:39Z,PT1H39M16S
EOy80Nlj2uA,【スプラトゥーン2】筋トレするぞぉ♡【#Crossick/白雪 巴/にじさんじ】,#Crossick,"ゲーム実況, FPS/TPS, Crossick, コラボ, スプラトゥーン2, 対戦・アクションゲーム",2021-01-15T17:08:34Z,PT3H50M
Xvp-zagvB74,【#にじさんじ麻雀杯】テンパるな聴牌はしろ白雪御前【白雪 巴/にじさんじ】,#にじさんじ麻雀杯,"ゲーム実況, 雀魂, 大会",2021-01-09T09:28:14Z,PT40M59S
lDLDlvzavW4,【マリオカート8DX】本戦Bブロック。気が付いたら魔境だった【#マリカにじさんじ杯/白雪 巴】,#マリカにじさんじ杯,"ゲーム実況, レーシングゲーム, マリオカート8DX, 大会",2020-12-26T07:46:33Z,PT3H51M25S
IrOpqc8USxc,【#メリクリくろしっく】デュエット解禁！！！Crossick初めての歌枠【Crossick/にじさんじ】,#メリクリくろしっく,"歌, Crossick, 歌枠, コラボ, 健屋花那",2020-12-24T09:46:27Z,PT1H37M37S
kM2cV7fQ5uE,【マリオカート8DX】視聴者参加型！気が済むまで走りたい【#Crossick /にじさんじ】,#Crossick,"ゲーム実況, レーシングゲーム, #Crossick, コラボ",2020-12-23T15:20:48Z,PT2H4M40S
Uhxzdi5-a60,【マリオカート8DX】夜王国が全員予選突破した世界線より【#夜王国/白雪 巴/にじさんじ】,#夜王国,"ゲーム実況, レーシングゲーム, #夜王国, コラボ",2020-12-20T11:51:34Z,PT1H13M18S
17sSLuAhLEA,【マリオカート8DX】ポンも即終了も卒業したの【#フルトイ/白雪 巴/にじさんじ】,#フルトイ,"ゲーム実況, #フルトイ, コラボ, レーシングゲーム",2020-12-18T14:39:02Z,PT1H26M52S
34IeWPhgCZg,【#白雪巴新衣装】ロングとショート、どっちが好き？【白雪 巴/にじさんじ】,#白雪巴新衣装,"お披露目, 新衣装",2020-12-12T14:00:40Z,PT38M16S
FG7ED1X6PSM,【マリオカート8DX】誰か一人でも最下位になったら即終了【#フルトイ/白雪 巴/にじさんじ】,#フルトイ,"ゲーム実況, レーシングゲーム, #フルトイ, コラボ",2020-12-09T13:45:55Z,PT36M57S
6dNqzsDtodA,【オフコラボ】にじさんじランドお疲れ様でした！！！！【#Crossick/にじさんじ】,#Crossick,"雑談, Crossick, コラボ, コラボ雑談",2020-11-28T16:28:15Z,PT1H56M53S
A195TiIly6c,【オフコラボ】新衣装でボドゲ大全！負けたら罰ゲーム♡【#フルトイ/にじさんじ】,#フルトイ,"企画, コラボ雑談, コラボ",2020-11-24T15:31:58Z,PT1H46M59S
dauQNH6Ug2A,【#フルトイ新衣装】今日からセクシー担当、白雪さん【白雪 巴/にじさんじ】,#フルトイ新衣装,"お披露目, 新衣装, #フルトイ",2020-11-21T12:03:35Z,PT57M16S
6rOvLC4IUGo,【Among Us】初プレイ。宇宙でも人狼って正気？？#Niji_AmongUs【白雪 巴/にじさんじ】,#Niji_AmongUs【白雪,"ゲーム実況, 対戦・アクションゲーム, Among Us, コラボ",2020-11-18T13:40:57Z,PT2H28M11S
fl-wIj8FkeQ,【スプラトゥーン2】ハロウィンはまだ終わらない【#Crossick/白雪 巴/にじさんじ】,#Crossick,"ゲーム実況, 対戦・アクションゲーム, FPS/TPS, コラボ, Crossick, スプラトゥーン2",2020-11-01T16:20:51Z,PT3H59M25S
qh70Zqb0HOw,【声劇】脚本家はあなた！バーチャル3分劇場◆7ステ◆【#フルートイトイ/にじさんじ】,#フルートイトイ,"朗読・声劇, バーチャル3分劇場, コラボ, #フルートイトイ",2020-10-27T12:57:59Z,PT1H43M58S
Z8QjKyG_RSk,【#にじワイテ】人狼RPG第弐夜◆白雪視点◆【白雪 巴/にじさんじ】,#にじワイテ,"ゲーム実況, TRPG, コラボ, #にじワイテ, 人狼RPG",2020-10-18T13:43:09Z,PT2H5M46S
cKw5zWy9QMo,【オフコラボ】目隠しながらポーズを当てる健全なアソビ【#Crossick/にじさんじ】,#Crossick,"企画, 検証, コラボ, Crossick",2020-10-17T16:24:01Z,PT2H31M51S
rM7kiYf7E64,【夜、灯す】百合×ホラーの新感覚アドベンチャーゲームを初見プレイ#最終回【白雪 巴/にじさんじ】,#最終回【白雪,"ゲーム実況, 百合, ノベルゲーム, 百合ゲー, 夜、灯す",2020-09-15T15:45:26Z,PT2H30M5S
GogF8S2BL1Q,【APEX】#APEX部2434キルリレー とにかく回せ！！何度でも死に戻ってやる【#フルートイトイ/白雪 巴/にじさんじ】,"#APEX部2434キルリレー, #フルートイトイ","ゲーム実況, 企画, #フルートイトイ, コラボ, APEX, FPS/TPS",2020-09-09T08:26:40Z,PT2H52M37S
NUoNPB0JzBw,【世界のアソビ大全51】ケーキを賭けてガチ対決！！！！【#Crossick/にじさんじ】,#Crossick,"ゲーム実況, Crossick, コラボ, 世界のアソビ大全51, ファミリーゲーム",2020-09-02T14:39:48Z,PT1H25M30S
aML_qlIooaU,【#にじ鯖夏祭り】浴衣の君を独り占めしたくて【#Crossick/にじさんじ】,"#にじ鯖夏祭り, #Crossick","イベント, 祭り, Crossick, コラボ",2020-08-22T13:43:20Z,PT1H53M31S
eDM08mtrzNk,【バイオRE:2】やられたらやり返すビビりお姉さんのバイオプレイ#最終回【白雪 巴/にじさんじ】,#最終回【白雪,"ゲーム実況, ホラー, バイオRE:2",2020-08-14T16:15:02Z,PT2H59S
kfg0yOpJbPU,【#IF雪メイキング】リスナーさんが考えるIF世界の私を再現するVol.2【白雪 巴/にじさんじ】,#IF雪メイキング,"企画, IF雪メイキング",2020-08-10T16:15:08Z,PT1H49M41S
CbKLYd5YPXk,【雑談】ツヤツヤの私達が温泉旅行から帰ってきました【#Crossick/にじさんじ】,#Crossick,"雑談, コラボ雑談, Crossick, コラボ, 健屋花那",2020-08-01T15:55:09Z,PT1H35M39S
zCMSry7EhUo,【#にじさんじDBD大会】3位決定戦！もう一回遊べるどん！【白雪 巴/にじさんじ】,#にじさんじDBD大会,"企画, 大会, Dead by Daylight",2020-07-30T12:07:36Z,PT58M1S
e5rbBqZYN_o,【#にじさんじDBD大会】女の子オンリーチームなので救済しかないです【白雪 巴/にじさんじ】,#にじさんじDBD大会,"イベント, ゲーム実況, 大会, 対戦・アクションゲーム, DbD",2020-07-29T13:17:26Z,PT1H19M35S
UcWKBC5Qrrg,【オフコラボ】お姉さん達の夏の過ごし方‥♡【#フルートイトイ/にじさんじ】,#フルートイトイ,"雑談, コラボ雑談, コラボ",2020-07-28T12:28:17Z,PT2H17M54S
C8G32Tk3fBU,【幽霊列車】ホラゲーだろうと電車内ではお静かに【#Crossick/にじさんじ】,#Crossick,"ゲーム実況, ホラー, Crossick, コラボ, 幽霊列車",2020-07-25T14:39:56Z,PT1H56M51S
ClYrIR88JWc,【#にじさんじ壺カップ】そこに壺があったから【白雪 巴/にじさんじ】,#にじさんじ壺カップ,"企画, 大会, ゲーム実況, Getting Over It with Bennett Foddy",2020-07-18T13:21:00Z,PT1H58M7S
-vU1qyXOyRU,【ストレッチャーズ】調教お姉さん×ガチ医療従事者=最強！？！？【#Crossick/にじさんじ】,#Crossick,"ゲーム実況, パズル, ストレッチャーズ, Crossick, コラボ, 健屋花那",2020-07-14T12:33:00Z,PT1H19M20S
LZWT9XLeqBg,【雑談】年下JKの肉じゃがを所望するお姉さん【#Crossick/にじさんじ】,#Crossick,"雑談, フリートーク, Crossick, コラボ, 健屋花那",2020-07-12T14:58:32Z,PT2H39M54S
dDhmJVu39w0,【雑談】写真は用法・容量を守って正しくお使いください【#Crossick/にじさんじ】,#Crossick,"雑談, フリートーク, Crossick, コラボ, コラボ雑談",2020-07-02T12:53:25Z,PT1H40M15S
e_OxGrJ-g74,【新衣装お披露目】本気の私‥見せてあげる【#白雪巴新衣装/白雪 巴/にじさんじ】,#白雪巴新衣装,"お披露目, 新衣装",2020-06-27T12:29:50Z,PT35M16S
YQqdnL-utYA,【#IF雪メイキング】リスナーさんが考えるIF世界の私を再現するVol.1【白雪 巴/にじさんじ】,#IF雪メイキング,"企画, IF雪メイキング",2020-06-22T14:52:09Z,PT1H30M13S
m-4M-xVxY0c,【スプラトゥーン2】大会を見守りたイカで同時視聴！負けてもやめられない【#にじスプラ大会/エリー・コニファー/甲斐田晴/白雪 巴/にじさんじ】,#にじスプラ大会,"ゲーム実況, 企画, 同時視聴, 対戦・アクションゲーム, FPS/TPS, スプラトゥーン2, エリー・コニファー, 甲斐田晴, コラボ",2020-06-21T11:58:47Z,PT3H19M23S
c8MgYgEbHFA,【スプラトゥーン2】本番の雪晴れに花ふわりはイカほどに【#にじスプラ大会/白雪 巴/にじさんじ】,#にじスプラ大会,"ゲーム実況, イベント, 大会, 対戦・アクションゲーム, FPS/TPS, スプラトゥーン2",2020-06-20T12:22:18Z,PT45M12S
JvFhykxqs6k,【バイオRE:2】女好き強気お姉さんのビビりバイオプレイ～クレア裏～#最終回【白雪 巴/にじさんじ】,#最終回【白雪,"ゲーム実況, ホラー, バイオハザード RE:2",2020-06-16T16:36:04Z,PT2H21M
u8OsyGg7Rhs,【雑談】新コンビ名の前に性癖コンビを振り返る回【#にじさんじ性癖コンビ】,#にじさんじ性癖コンビ,"雑談, 振り返り雑談, #にじさんじ性癖コンビ, コラボ, 健屋花那",2020-06-11T13:24:35Z,PT2H31M2S
x_xetpLH7BU,【スーパーマリオパーティー】すこやさん。私と一緒になってくれる？【#にじさんじ性癖コンビ】,#にじさんじ性癖コンビ,"ゲーム実況, #にじさんじ性癖コンビ, スーパーマリオパーティー, ファミリーゲーム, コラボ, 健屋花那",2020-06-09T15:39:36Z,PT1H29M42S
ugwraYJDnRo,【APEX】初心者お姉さんズで夜更かしAPEX【#フルートイトイ/白雪 巴/にじさんじ】,#フルートイトイ,"ゲーム実況, FPS/TPS, APEX, #フルートイトイ, コラボ",2020-06-02T20:01:07Z,PT3H47M8S
pRmD0BLUNdM,【雑談】嫁の新居で嫁修行？初めての料理作り【#にじさんじ性癖コンビ】,#にじさんじ性癖コンビ,"雑談, フリートーク, #にじさんじ性癖コンビ",2020-05-29T15:26:07Z,PT2H53M53S
MRAYHUBAI88,【スプラトゥーン2】【#意外に強いらCチーム/白雪 巴/にじさんじ】,#意外に強いらCチーム,"ゲーム実況, 対戦・アクションゲーム, Splatoon2, #意外に強いらCチーム",2020-05-24T11:40:18Z,PT1H6M37S
52m9JWrzcpM,【バイオRE:2】強気お姉さんのビビりバイオプレイ#最終回【白雪 巴/にじさんじ】,#最終回【白雪,"ゲーム実況, バイオRE:2, ホラー",2020-05-10T16:50:33Z,PT2H12M6S
nWM-pYHgIFY,【ハンドシミュレーター】連休で手の使い方忘れたってマ？【#夜王国/白雪 巴/にじさんじ】,#夜王国,"ゲーム実況, シミュレーション, ハンドシミュレーター, 夜王国",2020-05-05T09:34:35Z,PT2H14M25S
U2GOl9Ahk_k,【チックタック：二人のための物語】健屋さんと謎解き×脱出ミッション【#にじさんじ性癖コンビ/にじさんじ】,#にじさんじ性癖コンビ,"ゲーム実況, 健屋花那, コラボ, チックタック：二人のための物語, パズル",2020-05-05T01:59:41Z,PT3H27M31S
e3SIxHAyIyk,【#にじテトグランプリ】予選Dブロック！テトリス様は頑張った分だけ報われる神ゲーです【白雪 巴/にじさんじ】,#にじテトグランプリ,"ゲーム実況, パズル, 大会, テトリス",2020-05-04T09:23:09Z,PT51M41S
uitvswUU1lU,【PUBG LITE】ママ友で戦場へ行くとこうなる【#にじママ友/白雪 巴/にじさんじ】,#にじママ友,"ゲーム実況, #にじママ友, PUBG LITE, FPS/TPS, コラボ",2020-05-03T20:38:53Z,PT2H31M40S
9L0AU4u7TPs,【#W白雪コラボ】爆笑不可避！喧嘩不可避！？罪なすりつけ合いのスーパーバニーマン【白雪 巴/にじさんじ】,#W白雪コラボ,"ゲーム実況, 単発ゲーム, コラボ, スーパーバニーマン",2020-04-18T14:31:48Z,PT1H31M1S
n6CtiIAS7QU,【声劇】脚本家はあなた！バーチャル3分劇場◆1ステ◆【#にじさんじ性癖コンビ】,#にじさんじ性癖コンビ,"朗読・声劇, バーチャル3分劇場, コラボ",2020-04-13T04:25:02Z,PT55M31S
KIq3v0O586M,【#にじさんじ歌リレー】白雪的神曲アニソン5曲で元気とバトンを繋ぐ【白雪 巴/にじさんじ】,#にじさんじ歌リレー,"歌, 歌リレー, コラボ",2020-04-11T08:32:45Z,PT30M28S
88BmpLQ1PH0,【#にじワイテ人狼RPG】第二夜。信じられるのは自分だけ【白雪 巴/にじさんじ】,#にじワイテ人狼RPG,"ゲーム実況, TRPG, コラボ",2020-04-09T13:16:10Z,PT1H38M17S
qpLrfBIyRCw,【麻雀】トイトイで対々和！？フルトイ初めての対立バトル！！！【#フルートイトイ】,#フルートイトイ,"ゲーム実況, #フルートイトイ, 麻雀, 単発ゲーム, コラボ",2020-04-07T17:19:48Z,PT2H35M3S
rgl6BQCx-jw,【バイオRE:3】殺意高めの強気ビビりでバイオプレイ#最終回【白雪 巴/にじさんじ】,#最終回【白雪,"ゲーム実況, ホラー, FPS/TPS, バイオRE:3",2020-04-07T09:25:39Z,PT2H39M19S
NbJ6QIlkyjg,【#マリカにじさんじ最弱王決定戦】私が最弱王？寝言は寝て言いなさい【白雪 巴/にじさんじ】,#マリカにじさんじ最弱王決定戦,"ゲーム実況, マリオカート8DX, レーシングゲーム, 大会, イベント",2020-03-29T11:31:58Z,PT56M2S
3zH4uI0xAzU,【参加型マリカ】ハネムーンドライブの会場はここです【#にじさんじ性癖コンビ】,#にじさんじ性癖コンビ,"ゲーム実況, マリオカート8DX, レーシングゲーム, #にじさんじ性癖コンビ, コラボ, 伏見ガク",2020-03-28T12:54:59Z,PT2H12M33S
GbSU1mcDqpY,【#夜王国】母国語なら‥分かるわよね？理不尽すぎる夜王国語テスト【白雪 巴/にじさんじ】,#夜王国,"企画, 検証, 夜王国",2020-03-22T13:39:16Z,PT1H2M37S
YHhflIVQqfk,【ホラーFPS】殺戮白雪の「Cry of Fear」#番外編【白雪 巴/にじさんじ】,#番外編【白雪,"ゲーム実況, ホラー, FPS/TPS, Cry of Fear",2020-03-21T21:59:03Z,PT6H33M18S
TxB7R7Hl9UU,【#W白雪コラボ】正反対？それとも似た者同士？教えて白雪さん！【白雪 巴/にじさんじ】,#W白雪コラボ,"雑談, コラボ雑談, コラボ, 白雪みしろ",2020-03-20T15:37:17Z,PT1H3M35S
49Egkez2lWc,【事故物件】ホラーでいちゃつくカップルはたいてい真っ先に死ぬ【#にじさんじ性癖コンビ】,#にじさんじ性癖コンビ,"企画, ホラー体験, コラボ, 健屋花那, #にじさんじ性癖コンビ",2020-03-09T13:15:49Z,PT1H45M27S
MfqLjeCId1s,【雑談】すこやさんにいちから教わる×××【#にじさんじ性癖コンビ】,#にじさんじ性癖コンビ,"雑談, フリートーク, コラボ雑談, コラボ, 健屋花那, #にじさんじ性癖コンビ",2020-03-09T03:51:07Z,PT2H23M38S
UFjAbrQslr0,【推しのラブより恋のラブ】クリアするまで耐久！！大人女子3人で最強の神百合ゲーをプレイする【#フルートイトイ/にじさんじ】,#フルートイトイ,"百合, 企画, ゲーム実況, 百合ゲー, 耐久, コラボ, #フルートイトイ, 推しのラブより恋のラブ",2020-03-04T02:32:43Z,PT4H51M37S
O6SfcR8BSw4,【#にじさんじスプラ杯】大会本番！！意外に強いらCチーム【白雪 巴/にじさんじ】,#にじさんじスプラ杯,"ゲーム実況, イベント, FPS/TPS, 対戦・アクションゲーム, 大会, スプラトゥーン2",2020-02-29T15:16:44Z,PT2H14M37S
4-ce3nsH1Lk,【雑談/ASMR】寝起きと二日酔いと噛みあと【#にじさんじ性癖コンビ】,#にじさんじ性癖コンビ,"ASMR, 雑談, 健屋花那, #にじさんじ性癖コンビ, コラボ, コラボ雑談, ささやき",2020-02-16T03:16:20Z,PT1H5M8S
NAVsnV3ekZM,【雑談/ASMR】汚名返上？健屋さんと仲直りお泊まり【#にじさんじ性癖コンビ】,#にじさんじ性癖コンビ,"ASMR, 雑談, 健屋花那, #にじさんじ性癖コンビ, コラボ, コラボ雑談, ささやき",2020-02-15T19:11:15Z,PT2H9M29S
cg7Q5ANDmqs,【マリオカート8DX】お姉さん達とナイトドライブいっとく？#フミとも【白雪 巴/にじさんじ】,#フミとも【白雪,"ゲーム実況, マリオカート8DX, レーシングゲーム, コラボ, #フミとも",2020-02-11T17:36:04Z,PT2H42M11S
09IG-3NtV3w,【#フルートイトイ】大人のお泊り女子会♡今夜は寝かせません【白雪 巴/にじさんじ】,#フルートイトイ,"雑談, コラボ, フルートイトイ, コラボ雑談",2020-02-02T20:14:18Z,PT4H17S
6FF1QwxcXZg,【マイクラ】お姉さん３人で深夜の××××‥♡#フルートイトイ【白雪 巴/にじさんじ】,#フルートイトイ【白雪,"ゲーム実況, Minecraft, コラボ, フルートイトイ",2020-01-30T18:26:21Z,PT2H33M15S
jmnxW7LVYd0,【#ラジオを止めろ】あの悪夢が再び炎とベットと共に…【白雪 巴/にじさんじ】,#ラジオを止めろ,"ゲーム実況, ホラー, #ラジオを止めろ",2019-12-30T15:39:14Z,PT1H5S
